,tweets
0,modi promis minimum govern maximum govern expect begin difficult job reform state take year get justic state busi exit psu templ
1,talk nonsens continu drama vote modi
2,say vote modi welcom bjp told rahul main campaign modi think modi relax
3,ask support prefix chowkidar name modi great servic confus read crustal clear crass filthi nonsens see abus come chowkidar
4,answer among power world leader today trump putin modi may
5,kiya tho refresh maarkefir comment karo
6,surat women perform yagna seek divin grace narendra modi becom
7,come cabinet scholar like modi smriti hema time introspect
8,upcom elect india saga go import pair look current modi lead govt elect deal brexit combin weekli look juici bear imho
9,gandhi gay modi
10,thing like demonetis gst good servic tax upper cast would sort either view favour say need give time cast like dalit muslim modi constitu
11,hope tuthukudi peopl would prefer honest well behav nationalist courag likli minist modi cabinet vote benifit thuthukudi
12,calm water where modi wave
13,one vote make differ anil kapoor answer modi elect clarion call extend support vote kar campaign
14,one vote make differ anil kapoor answer modi elect clarion call extend support campaign
15,vote parti leadershipwho take fast firm action none narendra damodarda modi bjp parti
16,vote modi creat job
17,vote ensur govt need deserv anupam kher respond modi appeal elect
18,dont play word talk modi swami relat guru say good chowkidar protect good mind tweet dark side terror brighter side better know
19,write chowkidar mean anti modi tri visit plz use anti
20,one recent said peopl vote modi anti nation put gen hooda congress support jawan support modi anti nation great thing hear
21,firm belief leadership shri narendra modi bjp enter polit given form file nomin khammam parliamentari seat proceed khammam today
22,crush jaw shoutmodimodi say jd mla incit murder
23,sultanpur uttar pradesh loksabha candid select pawan kumar pandey actual public want given vote modi current condid popular district candid bsp candid sonbhadra singh
24,thiugh nehru aliv still aliv heart modi everi failur nehru respons
25,develop becom mass movement modi govt econom social polit empower life one wit posit paradigm shift new india
26,alreadi taken notic order probe time modi take notic muslim famili harass beaten recent extremist hindu suggest leav india move pakistan
27,wait modi also talk varanasi
28,accord yogi imran masood kin azhar masood accord logic nirav modi lalit modi narendra modi brother mother
29,agre tenur modiganga rejuven work start work
30,three code modi crack give india huge foreign polici jumpstart via
31,vote ensur govt need deserv anupam kher respond modi vote kar appeal elect
32,modi govt slash india educ budget clear indic dont care india futur congress presid shri hand ensur increas budget gdp futur india deserv
33,born religion femal deiti worship misogynist sadist tradit total point isit man made tradit written one religi lunat support religion repress
34,peopl made amazedn fear frustat may result vote sir wast ministerdisgrac entir modi cabinet
35,modi
36,check latest articl premier archeri leagu via
37,india second optimist global execut job growth show survey india senior execut said optimist growth number job role year
38,peopl wish vision india least interest person enmiti modi other person problem handl person dont expect nation join dirti fight other tell vote
39,modi etern wrong dear sirji perfectli fine indian peopl
40,impress godrej tata compliment hope get second term
41,maid say rahul keep say modi kalla yet goe hug wink magand idu bekagittu
42,pleas vote modi congress tri divid india
43,ye good job highli insensitivearrog incompet ploar need defeat costnobodi know made arrog person minist gave ticketh touch grounddespit month upsc protest nvr met
44,hindustan seen worst hindu maj hindu rashtra thrash rascal face anti indian politiciansantin urban naxal wait watch modi win pakistan mein bhi hindu hona garv baat hogi
45,higher vote turnout directli proport bjp victori wonder modi launch campaign like dont sit home ensur everyon friend famili rel vote never
46,modi govt done remark job make corrupt free india ultim success shall achiev corrupt jail modi govt vision corruptionfre india ensur loot countri face law via namo app
47,use beg campaign
48,welfar deliveri gst ibc feo place modi exit psu nd term use money appoint judg polic forens lab fasttrack deliveri justic educ healthcar citizen invest defenc india well
49,new india modi tri build leader parti live deplor charact
50,overpromis underdeliveri pithi summari econom outcom last five year approach gener elect
51,heal touch india need surgeri remov cancer spread modi rss
52,farmer welfar farmer get second instal next month centr announc crore scheme
53,mistri man drag modi nri follow man wrong action taken spread hatr pleas agenda condemn crimin activ sir fyi pleas
54,think forgot dollar india handl except well one diplomat shrewd achiev alway undermin modi govern alway prone criticis even without consid aspect
55,entrepreneur rise india modi govt creat system took care tax concern creat infra incub well never happen congress guy want power sit shit simpl
56,noth els modi phobia
57,itna fark
58,modi govern modi govt effort last year govern reform institutionalis honesti way everi system institut design inculc well inspir honesti
59,sir namo jai hind jai modi muje puri bharat janta par vishwa hai sir aap hamr prime minist hong futur countri futur must prime minist bjp
60,anchor canva modi fit journal
61,slam maker biopic deliber use name credit
62,channel say modi also scare contest two seat even propoganda need littl decenc
63,new india india centuri yuva shakti take great height modi govt stand firmli via namo app
64,sure sir inform famili friend give record number vote modi sir bjp thank
65,loos exist elect rafel corrupt free scam free nation know natur except narendra modi bjp parti scammer aap nautanki baj
66,concierg super rich make unusu sight nirav modi hear via
67,confus said intellectu decid modi polici question intellectu side modi similarli disagre polici question decid anyth
68,ask learn treat minor well want minor
69,new india vote shri narendra modi
70,modi govt year cheat peopl promis impact lot thing economi countri brotherhood nation
71,logic sir could pleas throw light logic behind tweet bjpnda lose modi fight bengaluru south
72,modi opposit opposit leader intent clear dont understand fail attempt vote modi tell peopl come power
73,modi great oppon gener selfish idiot keep attack govern skill modi great yr tell give oppo know year modi rule wonder stupid world creat dishonest
74,pit pictur video hindu extremist crime year use coz ppl taken storm modi rss terror
75,vote kar narendra modi appeal everyon tweetstorm
76,modi mother elect khan would kill
77,last time paid loan entrepreneur name vijay maalya nirav modi whose number time pleas check next list
78,rahul doesnt make fals promis like modi alway deliv whatev promis may check track record count
79,kitna jalt tum modi tweet show jealousi toward great prime minist modi
80,centr state govt work togeth make india tbfree
81,ever rgi go length breadth countri recept mass india love modi leader bjp match
82,mad sandip singh sens jave akhtar could call narendra modi produc sandip ssingh credit row entertain news indian express
83,thank modi porn site ban
84,modi eat beef biryani sleep asaduddin owaisi
85,vote modi last time never economi screw hate ideolog propag need rahul one modi next week tell way bjp get major propaganda social media
86,congress fed biryani terrorist modi govern fed bullet bomb yogi adityanath
87,open eye see critic modi cong exculd monger vast indai like call bharat modi concern secur prais worthi autocrat norm deni everi alleg like kimjong pain sorrow regard
88,request stop use servic give favor big peopl like vijay malya nivav modi take money like nonscen charg
89,face haunt condemn abduct girl aliv wel also record messag still person order action unlik modi treat muslim vote bank
90,sharam karodesh ghotal bech khaega tumhara modi youth taken interest polit issu youth better judg right wrong
91,dont forget petrol price risen modi govern gulf price go
92,thought petta antibjp movi recent time
93,elect live blog met sapna choudhari yesterday want campaign manoj tiwari
94,superbl summarizedjai hind vand mataramagain modi sarkar
95,countri prosper women countri lead forefront support everi endeavour live modi govt focuss polici women enabl power empow nation via namo app
96,sabbash mera vote peppermit abvp
97,yogi adityanath hold ralli seek vote narendra modi amit shah
98,beginningmodi wada faramoshi dont believ take exampl use say give lakh everi indian year govern fail fulfil promis
99,modi polit hate modiji love india modiji want make new india corrupt free terror free india hate natur modiji ye modiji hate enemi countri terrorist destroy terrorist camp hatedont defam human kind pure honest
100,limit prefix twitter perhap accur captur state citizen
101,yogi adityanath take dig congress saharanpur candid imran masood saharanpur also soninlaw azhar masood peopl decid want person speak languag masood azhar modi prot g tread path develop
102,everi bank compani head chowkidhar protect institut fear modi chowkidar tsunami make opposit frenzi bank chowkidar perform duti well mallaya nirav modi wouldnt lootedsonia loot bcoz mm weak chowkidar
103,peopl india fed incompet modi govt blatant misus power rampant corrupt misgovern overt lie damag countri
104,modi govern corrupt mob worri protect loot send behind bar come dream looter includ kejriw
105,accord nomin paper irani destroy career life rememb modi made educ minist via feed
106,modi left year old wife return rss walay sab gay hain
107,shi kha yadav forget modi contest seat
108,mere bhai mai bhi graduat hucongress kon rojgaar faila rakha thabhai chor hai bjp modi strong nation
109,modi came power five yr ago youth india takenin promis creat jobsyr fast forward five yr present modi name lost job yrhigh unemploy
110,think like dream modi govern come
111,whoa actor made strong support statement modi
112,dont judg modi band fake chowkidhar bloodthirsti hate monger taliban indian mindset
113,brahminnon brahmin may baad karna chahiyeour focuss get modi elect wise antihindu guy keep persecut hindu even india anyway even know cast varda bhai donnot focu cast
114,vote kar narendra modi appeal everyon tweetstorm via
115,vote kar appeal everyon tweetstorm via namo app
116,agre unrequir kinda uncomfort must think unexpect idk say shown enough solidar get back normal live wish someon make offer narendra modi lol
117,funni dow two plane endian air chief replac detect everi endian sub near pakistani water admir replac modi look mirror look replac becom agent like adnan sami destroy endia within
118,modi move forward
119,elect look like modi versu noth swarajya
120,modi india modi anti india ye agre idea gentleman speak convict clariti
121,ppl pakistan never trust anyon hand cover blood muslim modi person
122,solut fight modi wave
123,first term prime minist promis second term perform even narendra modi except
124,hey alreadi pledg support modi also believ use link pledg vote
125,name throw modi rule task independ communist assert abandon lead liquid movement
126,use bjp money visit japan singapor usa yr left bjp modi ask tdp spend bjp moneyexp detail yr polit experi use increas pension dwacra yuvanestam scheme elect win vote
127,modi time
128,next song sung
129,hurrah welcom chinook multi role helicopt realli proud modi right step make strong nation urg peopl walk match disciplin step like fauji modi develop fli indian tiranga planet
130,kunal kamra pretenti chutiya modi work last five year braincel lost sinc birth smoke weed
131,narendra modiji vote kar narendra modi appeal everyon tweetstorm via
132,cow pleas fight elect graffiti mock modi appear bjp fail find candid bengal
133,shabana azmi take maker modi biopic say jave akhtar name put deliber mislead public
134,proud priminist modi
135,halala whr whole famili fuck poor woman den physic mental handicap kid born due genet depress dont worri abt progress time think abt religion still th centuri mindset
136,achh din vika black money job thing found post new india modi lie
137,see tweet justic blind fear modi rss bjp
138,see attack hindu modi support
139,rajput vote modi cheapest india
140,modi
141,also home nirav modi vijay malaya etc etc
142,chanc histori independ india propel economi due mainli reform time dynasti rule yr let reach star
143,rahul wise enough deni absolut major modi nda make aap cong deal best countri kejriw allow modi swee delhi finish next delhi assembl
144,vote modi
145,that modi magic ghochu
146,modi lotu bjp symbl becom soil everi comman men voter reach everi hoous booth voter victim arm forc fmli poll
147,weak state capac exacerb excess account nation alway elect mode fair modi champion simultan elect get opposit support comment need gurcharan da say
148,
149,ask vote modern india modi let even singl vote wast make nda stronger centr nota
150,modi endup mad manlik hitler mussolini pinochet nero stalin
151,obc pass gener log pass rrb rpf constabl cut anusaryr modi hatao
152,modi teli obc upbring mindset chowkidar kid would becom chowkidar gatekeep
153,vote kar narendra modi appeal everyon tweetstorm via namo app
154,politickl aisaa hai stage aspir kuch bhi karna hai inspir exampul modi respir becom lifebreath like modi jeevanshaile way life hindooizhm
155,dear modi pleas uploa ded link post doordarshan india youtub holi celebr santiniketan
156,vote non bjp parti would take countri forev underdevelop corrupt would forev spoil futur next gen vote modi alon
157,sapna chaudhari dancer sonia gandhi bar dancer work bar maid per research done mean waitress like modi modi chaiwala daruwali
158,malnutrit india constitu among worst affect mallikarjun kharg gulbarga fare worst malnutrit indic among highprofil constitu thiruvananthapuram best
159,seem deliri understand summer hai oopar elect bhi modi act lyncher saal kahan bhaisaab
160,call comparison modi imran clearli display qualiti raajdarbare ness
161,india need leader like rahul gandhi liar like narendra modi
162,hunainti mulsim kill india kashmir human awaken gov taken action alreadi dont worri modi sarkar
163,ahead global target centr state govern work togeth make india tbfree assert modi
164,even share seat delhi assembl fear look option tie modi fear clearli seen
165,wah super simpl convey gener public achiev thank modi saab
166,turn care countri minor pakistan modi india
167,document reveal modi javadekar war india environ controversi amend environment law procedur sought
168,everyon known even known speak polit line innoc life hunt object world topmost popular may known modi like kid help fill normal heart
169,door door campaign karyakarta bardowali mondal ward favour candit pratima bhoumik bar phir modi sarkar bjp zindabad
170,chor thug scamster corrupt tri stop modi resum busi corrupt
171,chowkidar chor everyon say modi hai mumkinhai
172,alon evk ask amma modi hotel min didnt even respect age due arrog come know media control never scrutinis like other
173,tshirt problem write modi thing call elect campaign everi parti way
174,bjp receipt disast one combin opposit candid chowkidaar tadipar parti back task sell tea gali good throw bjp noway win opposit parti aap congress maya akhilesh mamta bjd combin modi
175,congress time modi say also thing destroy indian institut congress point use
176,floor leader akbaruddin owaisi ive seen twitter chowkidar narendra modih also mention chowkidar aadhaar card passportw chaiwalapakodewalaif modi
177,cow pleas fight elect graffiti mock modi appear bjp fail find candid bengal
178,nationalist support modi
179,vote educ decent leader dont corrupt crimin yaar alway speak
180,hell bent manoj tiwari photo came priyanka dont enough candid celebr campaign reel life celebr mental strang modi ji development work team effort enough bjp might need sapna
181,baap baap everi one tell gandhi famili rich modi famili rich
182,sorri doc peopl didnt buy dream conveni avenu offer lyncher castiest religi bigot dont think indian dream imagin alreadi someon cast hierarchi that want
183,yawnn tell drunkard modi also guard mother brother husband
184,like way think realli simpl women right femal deiti
185,elect fight soul india
186,modi drawback atleast know rahul mahaghatbandhan sure maha mess
187,analysi indian air chief accept defeat still weak capabl respond defend modi ji corrupt rafal makng strong case purchasng rafal free tea pilot india need tea pakistan cost mig
188,qualiti modi strong leadership
189,studi reveal modi engag sachin tendulkar amitabh bachchan twitter increas visibl
190,narendra modi order indian air forc take action within day pulbama attack permiss done indian air forc see
191,man bharun aal also without modi
192,song
193,chowkidhar rich men see chowkidhar gaurd poor hous find chowkidhar nirav modi hous lalit modi hous mallaya hous
194,rafal landmodi need contract scrap awa see euro
195,tri prove loyalti modi seem indian muslim tri well seem make differ though still get beaten home ask pakistan keep tri though may get lucki
196,modi urg note person spread voter awar
197,rahul gandhi polit love defeat modi polit hate time vote love hate
198,youth vote modi friend youth vote modi
199,travesti modi crook fact suppressedr come speak
200,final day modi govern adani project jharkhand becom india first power sector sez via
201,reason demonet primarili detect black money stoppag terror failur chang reason digit india even fail curiou see modijaitley cook failur merger decis
202,modi behtar life crook
203,promis deliv epf pension univers health care nationalis primari educ drink water comprehens panindia solid wast manag polici pleas dont tell modi didnt tell
204,prior modi govt took poor peopl didnt access toilet crore women use cook light wood crore poor left bank sector villag didnt electr modi govt chang crore poor includ muslim benefit
205,year ago belov took oath take corrupt minist make india great guess anti indian jealou scare go reelect soon modi alway win best
206,modi majoritarian hate base polit obsess hindu nation divid plural nation enough reason determin vote
207,modi thing cabinet system govern bark order that
208,sir think name yogi seem remind utter like boti boti modi type languag definit terrorist
209,modi govt effort bear fruit malnutrit india year
210,sir wat till act strongli toi read told offici thing happen agn act strong accord warn action gvin lesson modi ensur ryt action ryt time
211,take look whether leader bjp congress ventur south croni capit still thrive meet candid promis household ten litr brandi everi month via
212,dear thank appreci definit win elect serv nation congress free
213,pick chairman deviou aadhaar isnt babyh face given upa term aadhaar pois return chair committe form modi govt report due shortli next govt
214,look face see courag grit face father modi
215,sir also ask whether realli made refer abp viral sach whether modi promis crore job per year
216,vote modi
217,ye want modi sarkar
218,ppl reasonour famili face filthi word opposit sensit time elect must shut mouth work public grievanc inko fark kye padta hai gaali dain bhukt modi
219,centr state govt work togeth make india tbfree narendra modi
220,final day modi govern adani project jharkhand becom india first power sector sez help adani save billion annual excel stori
221,one comment hardcor modi bhakt share postcard editor arrest share fake news know postcard editor arrest becuz speak truth proindia lier long lie sustain truth open
222,report card modi fare leader govt polit leader jai bhagwan goyal
223,come new mean nation hindu support modi antin doesnt prais govt initi
224,luv awesomemodi chai rock
225,mayb could he educ could respons peopl india understand youngster modi doesnt seem
226,master stroke well done prime minist narendra modi world biggest electr car manufactur confirm well enter india state reconfirm elon musk ceo founder tesla motor follow oneofthebiggest
227,east west modi best
228,made write muslim women empow wear hijab burqa nikah halala child marriag god job pleas husband modi hatr make lose larger perspect
229,everi thing look good tweet modi except hashtag
230,someon ask random question economi schemesyojana adaniambani modi dhruv tatti
231,share optim ratan tata agre modi leader need take india forward critic junctur take pride indian first reson citizen jai hind
232,let tell north karnataka constitu domin bjpgulbarga central karnataka davanger shivamogga chitradurga ballari clean sweep bjp consid modi wave domin lingayat commun
233,ghanta better bring good leader fed bjp see rahul gandhi think modi much better choic
234,demon call narendra modi demon definit human demi god
235,modi govt slash india educ budget clear indic dont care india futur congress presid shri hand ensur increas budget gdp futur india deserv
236,think hindu back let suffer miseri live dieget rapedshould problem unless someon ask help quit repress actsi hindu bother let rot say
237,professor research jnu bhu launch academ namo campaign support modi
238,ten reason vote modi bjp parti everi leader equal contribut commit build new india better india modi team invincbleit countri fortun leader like modiit countri wil win modi win
239,narendra modi braini drswami world put togeth modi also dharmic human heart someth one wish swami shall someday line divid chanakya shakuni dharma modi chanakya chowkidar drswami
240,let state govt handl law order drag modi resolv street fight
241,per affidavit chowkidar smriti graduat becom th grade pass may given back avoid qualif chowkidar modi educ degre entir polit scienc still given back
242,india rank world happi index countri modi year rank rank rank rank rank
243,alreadi call modi thief scamster
244,ye nincompoop nazi bjp politicis balakot raid test stop terror raid citizen maam educ person like nirmala live gross brazen corrupt lynch parti cadr lie modi shah everi day
245,rozi roti sawaal hai modiji blood dna shud read modichalisa meanwhil rajdeep shud also take case strongli bjp rss men kill love jihad happen south show class journal rajjo
246,big five media compani modi govern must scrutinis fulfil promis end croni capit
247,knew earlier taken photo modi ralli
248,secondli refer thee boom fact check websit know whether modi promis put lakh everyon account
249,dear son manak much good role media make modi hero honesti honest person chormahachor
250,ofcours mein bhi choukidaar apn desh proud first choukidaar narendra modi
251,letter friend happen modi support via
252,also tharoor add addit challeng claus self satisfact rat lion modi must win vote tharoor ward tharoor resid kejri similar challeng kejri lost varanasi modi lakh vote
253,jordan india world intoler countri ever feel shame shushma modi
254,still look produc autocrat monger norm realli hamper india turn kimjong hitler wake dear india power politician nehru dare indira seat winner rajiv dare hate modi
255,also chowkidar torchbear chowkidar modi
256,distinguish bagga modi day sell shirt
257,seem confid modi usual bhakt
258,good nation modi becom forev
259,two possibl said manag substanti evid got bail even first case got bail togetherso manag clear choic ur
260,countri need fascist modi cant allow continu loot indian need govt work common man
261,india prime ministerconfirm modi exchang greet imran congress abp news
262,surgic strike credit goe modi nirbhaya case handl credit goe delhi polic blame rape goe sheila dixit upa get credit either faster polic action get credit silent work heal wound
263,congress alway attempt empow peopl give right inform work food educ modi ruthlessli snatch away right
264,good read
265,friend dont wast time tt convinc neutral voter vote bjpmodi time instead
266,hate modi declar kind diseas disabilityif way contribut recent nation still doingdo incit even bit love respect heart himther someth terribl wrong biolog level
267,news break film maker modi biopic accus sexual exploit minor metabhi modiji life inspir hua hai jab gun milat hain tabhi koi biopic likhan film banan sochta hai modiji earlier chelafilm maker follow path
268,ratan tata lavish prais modi say deliv new india
269,shabana azmi take maker modi biopic say jave akhtar name put deliber mislead public bollywood
270,modi
271,dont want pappu run nation want leader like modi
272,wish modi win land slide victori india
273,rene absolut right ndtv everyth truth written also like zee news coz whatev show show fact wont fals say ndtv antimodi chennai jai hind jai bharat
274,shame nation confer leader call narendra modi quotterroristquot link hafeez saye pakistan call terrorist
275,youtub video might like modi bangladeshi jointli unveil sever project bangladesh
276,across aisl want manag watchmen indian express via
277,safe choor call chowkidar promis chor chowkidar jait fear chori wherev want includ rafal alibaba modi choor alway guid protect inturn deliv modi share chant modi chalisa
278,apk yar modi messag peopl celebr pakistan day believ time begin comprehens dialogu india address resolv issu esp central issu kashmir forg new relationship base peac prosper peopl
279,haha congress go gaga loot air land east west land currenc accus bjp loot templat chang modi brought
280,bjp elect ralli modi west meerut march
281,insolv bankruptci code second import econom reform write take top spot
282,asshol bahujan radic marxist grow brain knowunderstand congress bjp repres fuck cast oppressor ilk wasnt dalitbahujanadivasi rule countri past year ask chowkidar modi
283,growth stori indian economi modi regim reflect seriou concern gst collect estim target invest fell year low last quarter unemploy rate year high india rank happi index report
284,compet modi like mind peopl built aap kick parti what opinion
285,bjp chanakya work ruthless attitud modishah duo
286,that truth whole truth whole truth even bjp work cong agenda via mole parti ton molebureaucrat modi didnt fire day despit repeat warn swami bjpaap shorter spell congress
287,incompat life patient struggl modi govern polici nutrit
288,bjp furiou bc design reap big elector dividend pulwama burst due failur modi smart imran nvr exptd retali day light abi captiv war expect happen make war elect
289,agre arun kumarsushil modi nitish harm swarn
290,congratul madam hope win biggest margin make next govt stronger
291,modi greater india vote goe modi
292,must littl vocal ram mandir art etc vote bjp heavi heart want better altern
293,ratan tata lavish prais narendra modi say deliv new india
294,rajasthan governor kalyan singh aligarh rd march bjp worker want bjp emerg victori want modi becom import countri
295,kindli dont compar modi jee butcher gujrat imran khan
296,cji ban elec paper currenc independ year leas sign fake queen victoria elizabeth mafia govt fake pm nehru fake chaiwal modi amit shah scam nuclear rafal demonetis loot wwi mahabharat
297,modi sleep mother
298,ice cake varanasi loksabha seat modi aap give congress congress give give bsp bsp candid join bjp much fun
299,rahul gandhi life goal simpl becom india grow potato grab land make gold modi jealou
300,appeal everyon tweetstorm via namo app
301,clean defec four gener nehru rahul visibl fast senseless ladi speak forefath led best life gener suffer modi
302,guy trueli someth els
303,star campaign myth bjp lost assembl constitu narendra modi campaign recent state poll
304,modi bjp hindunationalist india sweetiepi
305,unpreced agrarian crisi record farmer suicid last year destroy autonomi everi institut india destroy independ india media news channel achiev modi govt
306,thatvi upa rule modishah duo let delhi polic job instead duo order harass opposit colleg student
307,like fake gandhi fake modi
308,rajasthan governor kalyan singh aligarh rd march bjp worker want bjp emerg victori want modi becom import countri
309,congress parti desir make power nehrugandhi famili put brake india develop modi govt disengag brake
310,india uae relationship great success stori govern vision leadership sheikh moham bin zay prime minist modi slowli sure take shape
311,inc better modishah helm bjp poach experienc inc leader fill lacuna far dynasti word concern hard look within bjp bail despit power yr bjp could manag much
312,still hybernatingur frnd nirav modi got arrest th modiji india kya bahar bhi haath dalakar kar dabocheng true nation eader modijia bimbo profess realiti read sum news definitey give competit dumbn
313,friday express shock name mention credit film
314,one vote make differ answer modi elect clarion call extend support campaign via namo app
315,one thing campaign start well get feel whole thing soon modi campaign trail formid oppon think bjp messag multiprong cant modi messiah messag
316,narendra modi urg note person spread voter awar
317,ask three question modi question valid could kindli answer small vide minut import
318,bharat even leav term like record
319,prime minist narendra modi urg voter across countri turn larg number vote upcom lok sabha elect seri tweet modi said
320,anyon better modi nehruji expir said altern shastiji prove best ever everybodi includ modi dispens
321,dont think bought anyth whine elect card let peopl decid whether want buy modi dont blame evm rd may eci clearli said yhat elect held use evm dont vote dont trust evm
322,wear heart vote timech heart failur
323,support leader honbl prime minist narendra modi new india
324,modi bjp indian never play victim card call lsl choos fool peopl name journal liber play card see digest call intoler still talk butcher call cattel class
325,idiot ever heard russian sukhoi mki best jet iaf fleet current built indigen hal air forc farzi deshbhakt like wont even hesit shit compani defend baap modi pathet
326,imran masood want chop modi liber grace
327,vote ensur govt need deserv respond modi appeal elect via namo app
328,show govern wreck environ
329,time blind faith modi absolut hate congress milind deora elect news indian express
330,time polit mileag leader good signal modi jee bodi object pakistan birth day congratul given india scold
331,also need modi minimum year fix mani pend issu
332,women power natur wat hinduism state everi right choos partner dress etc women respect man taught self control ardhanaariswara avatar state wife treat belong
333,chowkidar jibe modi
334,know modi rule everybodi becom crorepati check bjp leader incom arriv concern rahul alon
335,busi articul way ahead nation way allevi farmer woe unemploy improv fund health educ modi busi sell tshirt twitter sidekick busi sell bigotri fake nation look good
336,jingoism cong mediav think tank armchair politico parti made rune prospect elector fiasco made sure modi full power time best wish kamdaar chowkidaar sir
337,read truth behind modi sell india last remain preciou forest two day ago bhakt chor chowkidar abus share stori time wake rais voic save goldmin biodivers
338,lol gonna marri hippopotamu everi unmarri men becom hitler modi unmarrieddivorc women becom feminist agenda destroy everyon peac life get life miss marvi
339,modi countryh work chaiwala chowkidarbut thank corrupt fraudul activ etc take avatar
340,modi busi dismantl democraci congress presid rahul gandhi done everyth power fight right everi citizen uphold democrat spirit
341,congress simplifi gabbar singh tax implement modi govern implement actual singl slab gst benefit medium small busi destroy gabbar singh tax
342,bring modi back
343,chair power chandrababu extent grab power telgu desam parti ntramarao father law modi think yar
344,rajasthan governor kalyan singh aligarh rd march bjp worker want bjp emerg victori want modi becom import countri sourac ani
345,centr state govt work togeth make india tbfree via namo app
346,thank tweet even beat modi hust
347,promis deliveri modi came power promis achch din last five year overpromis underdeliv
348,give modi whistl cap want chowkidar akbaruddin owaisi
349,feku narendra modi shahe bhagat singh shahe diwa tribut via pm knowledg histori
350,havent read answer yet sure trump modi even leader darpok cant even sign setu file gather dust desk last year even leader read answer
351,india need enemi reelect modi pakistan one cannot even imagin man accus kill peopl end
352,modi countryh work chaiwala chowkidarbut thank corrupt fraudul activ etc take avatar
353,logic word defi foreverusa econom militarili scientif superior nation fool said make america great percent fool agre without counter questionthes modi clan similar
354,want modi sir prime minist long time prove includ mani peopl modi sir think prove think benefit
355,cant chowkidar brahmin subramanian swami
356,trend noth fool peopl hope vote congress atleast vision someth countri rahul gandhi partymen would modi agenda
357,apprehens real gut feel stem ground realiti sure modi india long year come
358,congress year wasnt abl complet one rafal deal bjp year alreadi complet rafal deal deliveri rafal start sept alreadi start proceed anoth fighter jet deal congress say modi hack evm
359,dirti polit start doo whatev modi papu raffl raffl fail chokdar chor chor chor chor chor machye soor aur abb apn ristdaar mare hai proof chaye
360,chowkidar hee chor hain baap chor beta bada chor aur unk gujju dost maa tukdo kharidn jurrat bhi kartein hain sab chor hain aaj bjp kal nahi high time junta realis bjp upto one time modi remain
361,transform indian railway modiji governmenta step step inform
362,jd mla ask peopl slap seek vote modi
363,hope hindustan take countri field scientif technolog come day possibl modi anoth yr jai hind
364,two option elect choos lotu lootu nice line seen banner bangalor want india modifi agar majburi naam mahatma gandhi hai majbuti naam narendra modi hai modi vision rahul divis
365,need modi lead bjp govern jammu kashmir polic say baramula free local terrorist year vote new india namo
366,dont know mani father mother idea kid start end career make punctur think way other wais amit modi kaun hai naya aya hai kya maidan mein
367,boycott congress behter india want modi
368,modi promis congr free hindustan hold govern state three state vote opposit mere lie penanc doubt honest man mandat modiji heavili wash thier sin modi met promis
369,think modi behind accid
370,rajasthan governor rd march bjp worker want bjp emerg victori want modi becom import countri
371,come india announc resign today get new nirav modi process
372,modi hater definit say dub acha kiya
373,sinc inc insist singl standard rate cap arrog modi sarkar destroy msme yr world complic rate modif
374,piggyback modi wave one knew polit way win especi whole bjp nosediv bihar rahul regain lac major
375,lost hope job pak tvanchor may wen modi resum second tym fear vanish lyk thapar oblivion whatev anti modi job sinc croc tear wont work patriot india everybodi know wat
376,found articl
377,fyi late kuldip nayar write book titl leader icon jinnah modi indira gandhi insist cremat shastri allahabd lalita shstri threaten fast onto death buri raj ghat jai jawan jai kisan inscript
378,intent clearli correct jave akhtar modi credit
379,pappu kejri mamata look modi bought microsoft must arrang morcha protest
380,unemploy rate year high male labor forc shrink sinc due fear expos modi didnt dare publish employ report mudra scheme till date
381,gawar bhakt jali also stupid bio say counter fake news propaganda lmao narendra modi biopic propaganda lol
382,also mean even congress come power cannot say congress great job lot thing start proceed modi govt pleas dont forget futur
383,stolen k given nirav modi shame recov person loss cheat custom fraud bank pleas open account thiev pnb worst bank india shame
384,sharad pawar slam modi govern fail job promis via
385,rajasthan governor kalyan singh aligarh rd march bjp worker want bjp emerg victori want modi becom
386,lol neeha ju like give head butcher even human
387,like modi
388,unambigu analysi rafael pil champ modi govern
389,modi wasnt ambedkar timebesid learn historyignor blissambedkar came constitu assemblyvia west bengal aid mondal
390,thank anu sharma vote make sure peopl know motiv vote modi
391,billion muslim one individu like hindu genocid modi
392,modi govt came power late may sanjay jhaji admit accept fact last two year upa govt bad peopl lost job
393,boss express view sever time past month heavi heartbut vote heart jara heart halka karo
394,five year ago peopl vote modi wear namo tshirt vote
395,mani brahmin becom chowkidhar
396,modi got vote nda allianc partner got vote way contest vote cross get massiv gain seat sidjiwon
397,subject femal dietyit show domin femal areso point right alreadi domin rest misogynist crap cook chauvinist male
398,toi prestitut pork much pig owaisi publish news
399,show modi lie hatr itna hai polit parti pakistan mil jaeng
400,person beat modi modi need play old video
401,renown lyricist happi clarificationclick know
402,journalist writer bureaucrat given lakhmonth write modi cambridg analytica via
403,know that enough alreadi simpl question regard don hijaab play azan parliament media channel modi didnt came pictur anywher bash modi whenev possibl that trend
404,pleas vote made life miser modi govt
405,one vote make differ answer modi elect clarion call extend support campaign
406,lie modi expos fact
407,congress walo baar cunao mei pata lag jayega modi request wait enjoy moment
408,go analog modi chacha bhatija second thought actual
409,world biggest electr car manufactur confirm enter india ceo founder tesla motor confirm today one biggest make india success modi
410,cant write one singl tweet without blame modi
411,construct waterway day dream accord arrog bjp minist india infrastructur everyth creat modiar fool trust guy
412,tongu wag owaisi bash modi loafer lawyer dog wag tail love loyalti freedom express restrict legal action taken maintain decorum without fear merci peopl parti must ban
413,mr koppalatota namo walk namo park mathiker bangalor last saturday mani peopl join team show enthusiasm narendra modi prime minist
414,grace congress pay cost coalit congress bhai yeh modi met thopana
415,stop compar bigot mass murder modi someon like imran khan
416,modi urg note person spread voter awar via namo app
417,would modi serious
418,saw speech today modi could see rdxye cant see connect satellit mobil conect satelit
419,narendra modi decadeold decis fructifi japanes township gujarat firstpost
420,happen islam
421,ye alway modi funni guy
422,right modi keep watch rich corrupt famili follow
423,happen modi took mic karan thapar famou via
424,final day modi govern adani project jharkhand becom india first power sector sez decis save compani billion annual clean energi cess alon
425,modi urg note person spread voter awar time india via
426,modi real fake
427,true hve also reaffirm vote allegi time
428,true sir that modi sir allianc creat scam corrupt
429,one vote make differ anil kapoor answer modi elect clarion call extend support vote kar campaign via namo app
430,sushma swaraj recount narendra modi govt success last year say voter judg base commit firstpost
431,year modinom made airlin bankrupt that modi touch
432,raghuram rajan sent list high profil bank fraudster modi earli month offic thereaft remind modi fail act narendra modi campaign sheer hypocrisi
433,ratan tata lavish prais say deliv
434,vote ensur govt need deserv anupam kher respond modi vote kar appeal elect via namo app
435,thank much endors best qualiti modi
436,tag fast grow youtub care abt countri thatacc modi destroy democracyh blind fold politician look good bad bad good sarcasm
437,dnt turn pakistan india like situat million muslim got kill terrorist modi
438,sinc modi came power alway feel rahul gandhi alway mute mean cant hear
439,vapa lana hai desh agey badana hai vote modi vote develop right everi citizen
440,governor kalyan singh aligarh rd march worker want bjp emerg victori want modi becom import countri
441,go thru comedi speech shri rahul gandhii come conclus competitor modi rakhi sawant self obsess cannot compar kapil sharma far better comedian shri rahul gandhi
442,centr state govt work togeth make india tbfree narendra modi via namo app
443,modi govt hindu behav wildli
444,cant critic anyon enemi countri pull narendra modi name
445,sanit campaign run modi affect jai bhagwan goyal shahdara north eastern launch cleanli campaign sever place delhi
446,poor kejriw predict modi rule till etern get nightmar see modi sit diamond stud golden throne cri beg front awaken see beg front shiela dikshit
447,even print serious what elect modi entir opposit what agenda defeat modi noon say anyth nation
448,new post ad mumbai press offici site produc sandip ssingh turn singer narendra modi biopic
449,kindli elabor dharma friendli action modi like rte hunar haat let ganga tyagi die ayodhya delay etc
450,copi cat like pakistan miadad tri copi srikant revers shot got congress copi modi
451,ayyo show immatur made pappu modi run away varanasi
452,shud convinc mat bhaai vote modi convert mote voter time namo convinc opportunist say sir
453,see languag chowkidar tweet bhi sab bjp problem support modi amit sha dont use bad laugh cultur rss
454,dont live denial modi economi doldrum jobless growth make nation edgi agrarian crisi worsen nation secur question massiv intellig failur pulwama attack embrac chang
455,hahahait like happi modi leadershipur worri remain forev want defeatedhow dumb reason realli iit iti done well ppl definit keep forev
456,must read
457,ppl deserv bjp modi alway neg nonsens thing opposit shout master stroke everi idiot idea bjp
458,modi utmost import
459,modi villag electrif among world biggest success year say report
460,balakot govt releas death toll proof bhakt antin dare question armi ask proof saal chale pakistan ask proof imran khan said receiv modi pak day bhakt mute
461,demo black money caught modi inspit rbi warn bhakt atleast gut elect babu bajrangi gut admit stab womb pregnant muslim broad daylight bhakt mute
462,airstrik bhakt modi say rafal result would differ true wah modiji wah insult hero like abhinandan mean govt fail time bhakt antin bhaago chale pakistan
463,soon new elect rascal racist extremist murder behind bar modi select worst
464,modi locket chatterje lokshava
465,hoshiyar zardari bilaw baghawat sazish bilaw bhutto via rememb asif ali zardari shiit nonmuslim blood never patriot pakistan modi attack mayb invit zardar nawaz sharif
466,what bollywood congress promot mediocr forefront common peopl deserv someth better dont
467,never vote modi
468,want see countri becom superpow thn vote strong govt polit make countri superpow modi polit power take countri lot forward isliy india
469,congress need allianc counter modi relianc
470,modi govt met disinvest target one public sector compani bought anoth
471,varanasi loksabha seat modi aap give congress congress give give bsp bsp candid join bjp much fun
472,pledg first vote modi
473,look one say modi perfect cours better pappu prime minist even congress present oth intellig candid would understand even present tharoor murder case would understan
474,modi sir pleas help
475,modi never declar chowkidar pulwama theft dataexpert data fudginggdp unemploy includ design templat fake degre certif declar chowkidar bjp fund collect thru elector bond
476,your hindu nationalist punish modi
477,voter choos wise reject modi put vika revers gear disastr demonetis badli execut gst india need gst reform experienc best bet
478,congress rule enabl chaiwalanow chowkidar didnt allow hatredrss grow cud modi becom way mind shrunk mani thing congress made today use includ independ
479,call modi demon den must know pisach
480,due autom artifici intellig job decreas sure irrespect govt modi focu start bring job self employ
481,adani upadhyay later middl man introduc adani modi long back
482,defeat modi els prime minist ever arvind kejriw india news time india
483,anti tri use fact logic sway mass way base elector base sway hatr minor
484,parti expert loot exploit modi rememb ram manohar lohia target mahamilawat via namo app
485,good peopl india nationalist want modi forev elect wast money lead corrupt violenc opposit
486,modi chowkidar campaign nonstart
487,gujrat model failur modi lie
488,ego readi accept failur modi
489,kay bola hoga know modimodimodi tell one stori gang chor act visit market one chori pass iteam next first chor shout chor chor chor chor papu like
490,shatrughan sinha far bigger public figur siddiqui bigot support requir bjp rant rant rant much wont make differ modi cant defeat
491,modi cheerlead help sell tshit cap
492,modi prepar manifesto includ relief tax payer high way toll tax current situat tax payer like doubl taxat
493,salman khan good actor great jokeh relat act like modi relat usmuslim
494,hindutva terror enjoy tacit support modi govern overwhelm major antimuslim lynch occur sinc mani attack acquittedbrut aginst muslim famili india
495,subbu swami right think right order get work done chowkidar let modi blind bhakt put pakodawala chaiwala jamadaar wish exercis freedom appoint chowkidar sack
496,ppl gone crazi modi came
497,modi held singl press confer speak answer question fals speech public confer look forward prime minist
498,agenda defeat bjp could told develop agenda health care mani issu one defeat modi
499,drswami timesnow last year debat nearli million view modi timesnow interview million view
500,dear beti sapna bjp mla gave stupid remarkson see join chor cong parti much effortsdid much yourfamili one thing share youif contest elect modi bjp much bettersuggest like fathergood wish regard
501,modi darl busi must
502,trump let make america great let make china superpow modi let make everyon
503,hihihi balanc act blame modi even remot link
504,namaskar bharat mey bhi choukidar hun bharat maa centr state govt work togeth make india tbfree narendra modi
505,rahul gandhi inher transpar honest identifi everi indian lie hypocrisi falsehood modi rule thing past
506,toler whole india year toler poor toler religion support one even toler parti member toler nation question indian armi talk toler
507,modi boast digit wait deposit cash sbi mahim deposit th mar butch honour old format appli beech book may take week deposit ppf mar
508,pleas verifi tweet claim bjp leader forc nirav modi flee india
509,imagin much karnataka economi would flourish modi leadership
510,rememb bjp hindu parti move cautious turmoil major proport toppl develop agenda
511,fool inexperienc damag rule lessmodi hatao india bachao
512,see lutyen anti modi mindset
513,ratan tata optimist prais modi leadership new india
514,arrest nirav modi rule law
515,deram make new india make countri super power world politc congresssp aapjd agenda elect stop modi dont agend develop guy vote
516,former odisha dgp prakash mishra join bjp contest cuttack lok sabha seat prais modi respons pulwama strike also stress time parivartana odisha bjp odisha look strong
517,mother troubl one demonot use joke jitna bacha rakha tha sab modi jama kara diy today bank manag told elig got bless bless
518,countri like india youth peopl think rise growth modi spread idea sell pakoda becom chowkidar definitli distress mani peopl
519,concern modi come back take challeng deserv second term alongsid continu reform push india anoth level prosper develop
520,deserv punish hate speech
521,indian alreadi win modi complet tripl centuri chamcha contribut less one centuri
522,led global rise discont fan social media give impetu populist leader brilliant essay london school econom
523,modi return power becom foreverwhat sisodiaji overthrow cmship
524,wherev injustic peopl feel right blame modi farmer rais issu state govt fight elect state parti answer simpl caus modi aggress peopl india believ resolv issu
525,gaali polit return andhra pradesh chandrababu naidu call narendra modi quotdemonquot look demon corrupt gaddar neta
526,hahathi salmasabrina flavor twistsociopath salma say modi govt care rich ignoresrob poor sabrina vadri quot like mao red book quotat
527,almost crore spent ganga pollut modi watch
